epochs,rmse,mae
0,0.0,0.0
1,1.5833516708940167,1.5023341712409584
5,1.5833516707876873,1.5023341709960911
10,1.5833516749830439,1.5023341748520012
20,1.583351674109409,1.502334174692129
